{"cameraMode":{"drawMode":0,"name":"Shaded","section":"Shading Mode"},"sceneLighting":true,"audioPlay":false,"sceneViewState":{"m_AlwaysRefresh":false,"showFog":true,"showSkybox":true,"showFlares":true,"showImageEffects":true,"showParticleSystems":true,"showVisualEffectGraphs":true,"m_FxEnabled":true},"in2DMode":false,"pivot":{"x":-1.3425885438919068,"y":-1.866307258605957,"z":-14.494080543518067},"rotation":{"x":0.009161792695522309,"y":-0.9726208448410034,"z":0.2293872982263565,"w":0.03909004479646683},"size":6.338985443115234,"orthographic":false}