{"cameraMode":{"drawMode":0,"name":"Shaded","section":"Shading Mode"},"sceneLighting":true,"audioPlay":false,"sceneViewState":{"m_AlwaysRefresh":false,"showFog":true,"showSkybox":true,"showFlares":true,"showImageEffects":true,"showParticleSystems":true,"showVisualEffectGraphs":true,"m_FxEnabled":true},"in2DMode":false,"pivot":{"x":1.482245922088623,"y":-1.2400002479553223,"z":-11.939763069152832},"rotation":{"x":-0.16990846395492555,"y":0.08031486719846726,"z":-0.013914115726947785,"w":-0.9821065664291382},"size":2.1526618003845217,"orthographic":false}