{"cameraMode":{"drawMode":0,"name":"Shaded","section":"Shading Mode"},"sceneLighting":true,"audioPlay":false,"sceneViewState":{"m_AlwaysRefresh":false,"showFog":true,"showSkybox":true,"showFlares":true,"showImageEffects":true,"showParticleSystems":true,"showVisualEffectGraphs":true,"m_FxEnabled":true},"in2DMode":false,"pivot":{"x":-1.850875973701477,"y":-1.1268538236618043,"z":-3.2206740379333498},"rotation":{"x":-0.12448348850011826,"y":-0.009825519286096096,"z":0.0012133229756727815,"w":-0.9921981692314148},"size":7.830855369567871,"orthographic":false}