{"cameraMode":{"drawMode":0,"name":"Shaded","section":"Shading Mode"},"sceneLighting":true,"audioPlay":false,"sceneViewState":{"m_AlwaysRefresh":false,"showFog":true,"showSkybox":true,"showFlares":true,"showImageEffects":true,"showParticleSystems":true,"showVisualEffectGraphs":true,"m_FxEnabled":true},"in2DMode":false,"pivot":{"x":-2.891822576522827,"y":0.44418469071388247,"z":-5.549641132354736},"rotation":{"x":0.19870713353157044,"y":0.5196089744567871,"z":-0.12564511597156526,"w":0.8214679956436157},"size":0.9407819509506226,"orthographic":false}