{"cameraMode":{"drawMode":0,"name":"Shaded","section":"Shading Mode"},"sceneLighting":true,"audioPlay":false,"sceneViewState":{"m_AlwaysRefresh":false,"showFog":true,"showSkybox":true,"showFlares":true,"showImageEffects":true,"showParticleSystems":true,"showVisualEffectGraphs":true,"m_FxEnabled":true},"in2DMode":false,"pivot":{"x":14.056812286376954,"y":3.8070192337036135,"z":-15.457161903381348},"rotation":{"x":-0.033095356076955798,"y":-0.4833894371986389,"z":0.018267551437020303,"w":-0.8746236562728882},"size":28.0356502532959,"orthographic":false}