{"cameraMode":{"drawMode":0,"name":"Shaded","section":"Shading Mode"},"sceneLighting":true,"audioPlay":false,"sceneViewState":{"m_AlwaysRefresh":false,"showFog":true,"showSkybox":true,"showFlares":true,"showImageEffects":true,"showParticleSystems":true,"showVisualEffectGraphs":true,"m_FxEnabled":true},"in2DMode":false,"pivot":{"x":3.1588857173919679,"y":-0.48198699951171877,"z":-11.637455940246582},"rotation":{"x":-0.12448348850011826,"y":-0.009825519286096096,"z":0.0012133229756727815,"w":-0.9921981692314148},"size":5.139251708984375,"orthographic":false}