{"cameraMode":{"drawMode":0,"name":"Shaded","section":"Shading Mode"},"sceneLighting":true,"audioPlay":false,"sceneViewState":{"m_AlwaysRefresh":false,"showFog":true,"showSkybox":true,"showFlares":true,"showImageEffects":true,"showParticleSystems":true,"showVisualEffectGraphs":true,"m_FxEnabled":true},"in2DMode":false,"pivot":{"x":-11.153396606445313,"y":-27.598526000976564,"z":54.94387435913086},"rotation":{"x":0.23225903511047364,"y":-0.11672624200582504,"z":0.02804582566022873,"w":0.9653233289718628},"size":43.44950866699219,"orthographic":false}